{"cameraMode":{"drawMode":0,"name":"Shaded","section":"Shading Mode"},"sceneLighting":false,"audioPlay":false,"sceneViewState":{"showFog":true,"showMaterialUpdate":false,"showSkybox":true,"showFlares":true,"showImageEffects":true,"showParticleSystems":true},"in2DMode":false,"pivot":{"x":0.6931610107421875,"y":1.2369624376296998,"z":0.32435569167137148},"rotation":{"x":0.11524618417024613,"y":0.6980567574501038,"z":-0.11538173258304596,"w":0.6972246766090393},"size":5.017849922180176,"orthographic":false}