{"cameraMode":{"drawMode":0,"name":"Shaded","section":"Shading Mode"},"sceneLighting":false,"audioPlay":false,"sceneViewState":{"showFog":true,"showMaterialUpdate":false,"showSkybox":true,"showFlares":true,"showImageEffects":true,"showParticleSystems":true},"in2DMode":false,"pivot":{"x":-0.008463278412818909,"y":1.8321027755737305,"z":-0.35178977251052859},"rotation":{"x":0.02964792400598526,"y":0.8024110794067383,"z":-0.03999979421496391,"w":0.5946911573410034},"size":2.80609130859375,"orthographic":false}