{"cameraMode":{"drawMode":2,"name":"Shaded Wireframe","section":"Shading Mode"},"sceneLighting":false,"audioPlay":false,"sceneViewState":{"showFog":true,"showMaterialUpdate":false,"showSkybox":true,"showFlares":true,"showImageEffects":true,"showParticleSystems":true},"in2DMode":false,"pivot":{"x":-0.0860215425491333,"y":1.7618398666381837,"z":-0.05397874116897583},"rotation":{"x":-0.1192510724067688,"y":0.5652451515197754,"z":-0.08300311118364334,"w":-0.812026858329773},"size":1.93851900100708,"orthographic":false}